{
  "best_model": "XGBoost",
  "best_accuracy": 0.8591,
  "best_weighted_f1": 0.8627,
  "records_used": 9544,
  "total_job_roles": 28,
  "model_results": [
    {
      "model": "XGBoost",
      "accuracy": 0.8591,
      "weighted_precision": 0.8701,
      "weighted_recall": 0.8591,
      "weighted_f1": 0.8627,
      "classification_report": {
        "AI Engineer": {
          "precision": 0.7972972972972973,
          "recall": 0.8676470588235294,
          "f1-score": 0.8309859154929577,
          "support": 68.0
        },
        "Asst. Manager/ Manger (Administrative)": {
          "precision": 0.9047619047619048,
          "recall": 0.8382352941176471,
          "f1-score": 0.8702290076335878,
          "support": 68.0
        },
        "Business Development Executive": {
          "precision": 0.9642857142857143,
          "recall": 0.7941176470588235,
          "f1-score": 0.8709677419354839,
          "support": 68.0
        },
        "Civil Engineer": {
          "precision": 0.7763157894736842,
          "recall": 0.855072463768116,
          "f1-score": 0.8137931034482758,
          "support": 69.0
        },
        "Data Engineer": {
          "precision": 0.95,
          "recall": 0.8382352941176471,
          "f1-score": 0.890625,
          "support": 68.0
        },
        "Data Science Engineer": {
          "precision": 0.7941176470588235,
          "recall": 0.7941176470588235,
          "f1-score": 0.7941176470588235,
          "support": 68.0
        },
        "Database Administrator (DBA)": {
          "precision": 0.921875,
          "recall": 0.8676470588235294,
          "f1-score": 0.8939393939393939,
          "support": 68.0
        },
        "DevOps Engineer": {
          "precision": 0.8732394366197183,
          "recall": 0.9117647058823529,
          "f1-score": 0.8920863309352518,
          "support": 68.0
        },
        "Executive - VAT": {
          "precision": 1.0,
          "recall": 0.9558823529411765,
          "f1-score": 0.9774436090225563,
          "support": 68.0
        },
        "Executive/ Senior Executive- Trade Marketing, Hygiene Products": {
          "precision": 0.9242424242424242,
          "recall": 0.8970588235294118,
          "f1-score": 0.9104477611940298,
          "support": 68.0
        },
        "Executive/ Sr. Executive -IT": {
          "precision": 0.7464788732394366,
          "recall": 0.7794117647058824,
          "f1-score": 0.762589928057554,
          "support": 68.0
        },
        "Full Stack Developer (Python,React js)": {
          "precision": 1.0,
          "recall": 0.9264705882352942,
          "f1-score": 0.9618320610687023,
          "support": 68.0
        },
        "HR Officer": {
          "precision": 0.8484848484848485,
          "recall": 0.8115942028985508,
          "f1-score": 0.8296296296296296,
          "support": 69.0
        },
        "Head of Internal Control & Compliance (ICC) - SEVP/DMD": {
          "precision": 0.9295774647887324,
          "recall": 0.9565217391304348,
          "f1-score": 0.9428571428571428,
          "support": 69.0
        },
        "Intern (Generative AI Engineering - 2D/3D Image Generation)": {
          "precision": 0.953125,
          "recall": 0.8970588235294118,
          "f1-score": 0.9242424242424242,
          "support": 68.0
        },
        "Machine Learning (ML) Engineer": {
          "precision": 0.9117647058823529,
          "recall": 0.9117647058823529,
          "f1-score": 0.9117647058823529,
          "support": 68.0
        },
        "Management Trainee - Mechanical": {
          "precision": 0.5747126436781609,
          "recall": 0.7352941176470589,
          "f1-score": 0.6451612903225806,
          "support": 68.0
        },
        "Manager- Human Resource Management (HRM)": {
          "precision": 0.9242424242424242,
          "recall": 0.8970588235294118,
          "f1-score": 0.9104477611940298,
          "support": 68.0
        },
        "Marketing Officer": {
          "precision": 0.863013698630137,
          "recall": 0.9264705882352942,
          "f1-score": 0.8936170212765957,
          "support": 68.0
        },
        "Mechanical Designer": {
          "precision": 0.7,
          "recall": 0.8235294117647058,
          "f1-score": 0.7567567567567568,
          "support": 68.0
        },
        "Mechanical Engineer": {
          "precision": 0.5180722891566265,
          "recall": 0.6323529411764706,
          "f1-score": 0.5695364238410596,
          "support": 68.0
        },
        "Network Support Engineer": {
          "precision": 0.9411764705882353,
          "recall": 0.9411764705882353,
          "f1-score": 0.9411764705882353,
          "support": 68.0
        },
        "Project Coordinator (Civil)": {
          "precision": 0.967741935483871,
          "recall": 0.8695652173913043,
          "f1-score": 0.916030534351145,
          "support": 69.0
        },
        "Senior Software Engineer": {
          "precision": 0.75,
          "recall": 0.75,
          "f1-score": 0.75,
          "support": 68.0
        },
        "Senior iOS Engineer": {
          "precision": 1.0,
          "recall": 0.8823529411764706,
          "f1-score": 0.9375,
          "support": 68.0
        },
        "Site Engineer": {
          "precision": 0.8591549295774648,
          "recall": 0.8840579710144928,
          "f1-score": 0.8714285714285714,
          "support": 69.0
        },
        "Sr.Officer / Executive - Internal Audit": {
          "precision": 0.9682539682539683,
          "recall": 0.8970588235294118,
          "f1-score": 0.9312977099236641,
          "support": 68.0
        },
        "System Administrator (Operation & Maintenance of Server, Storage & Service Desk System)": {
          "precision": 1.0,
          "recall": 0.9117647058823529,
          "f1-score": 0.9538461538461539,
          "support": 68.0
        },
        "accuracy": 0.859088528025144,
        "macro avg": {
          "precision": 0.870069088062351,
          "recall": 0.8590457922299354,
          "f1-score": 0.8626553605688201,
          "support": 1909.0
        },
        "weighted avg": {
          "precision": 0.8700852900149422,
          "recall": 0.859088528025144,
          "f1-score": 0.8626870327421414,
          "support": 1909.0
        }
      }
    }
  ],
  "top_10_job_roles_by_count": {
    "Project Coordinator (Civil)": 342,
    "Site Engineer": 342,
    "Civil Engineer": 342,
    "HR Officer": 342,
    "Database Administrator (DBA)": 341,
    "AI Engineer": 341,
    "Mechanical Designer": 341,
    "Mechanical Engineer": 341,
    "System Administrator (Operation & Maintenance of Server, Storage & Service Desk System)": 341,
    "Senior Software Engineer": 341
  },
  "dataset_file": "C:\\Users\\amans\\Downloads\\CV_classifier\\resume-screening-ml-v2\\data\\resume_data.csv",
  "split_notes": {
    "removed_low_sample_roles": {},
    "notes": []
  },
  "original_total_job_roles": 28,
  "embedding_config": {
    "embedding_model_name": "all-MiniLM-L6-v2",
    "embedding_backend": "local",
    "normalize_embeddings": true,
    "embedding_dimensions": 384,
    "classifier": "XGBoost",
    "class_imbalance_strategy": "compute_sample_weight(class_weight='balanced')"
  }
}